2;1;BA 12.7+19.5+4.7;php;2;;;1
3;1;BA 15.88+22.23+6.35;composer;2;;;1
4;1;BA 19.5+25.4+3.18;node;2;;;1
5;1;BA 19.5+25.4+31.8;javascript;2;;;1
6;1;BA 19.5+25.4+4.76;vuejs;2;;;1
7;1;BA 19.5+25.4+6.35;react;2;;;1
8;1;BA 19.5+31.75+9.53;angular;2;;;1
9;1;BA 22.23+28.58+6.35;springboot;2;;;1
10;1;BA 22+32+8;sass;2;;;1
11;1;BA 25.4+31.75+3.17;html;2;;;1
12;1;BA 25.4+31.75+4.76;css;2;;;1
13;1;BA 25.4+31.75+63.5;jquery;2;;;1
14;1;BA 25.4+33.4+5.68;ajax;2;;;1
15;1;BA 25.4+34.93+4.96;python;2;;;1
16;1;BA 25.4+34.93+7.95;ruby;2;;;1
17;1;BA 25.4+38.1+6.35;flexbox;2;;;1
18;1;BA 25.4+38.1+9.53;bootstrap;2;;;1
19;1;BA 31.75+38.1+6.35;laravel;2;;;1
20;1;BA 31.75+41.28+6.35;php;2;;;1
21;1;BA 31.75+41.28+7.95;composer;2;;;1
22;1;BA 31.75+41.28+9.53;node;2;;;1
23;1;BA 31.75+47.63+11.11;javascript;2;;;1
24;1;BA 31.75+50.8+6.35;vuejs;2;;;1
25;1;BA 33.33+39.68+3.93;react;2;;;1
26;1;BA 34.92+50.8+7.93;angular;2;;;1
27;1;BA 34.93+44.45+9.53;springboot;2;;;1
28;1;BA 34.93+50.8+11.11;sass;2;;;1
29;1;BA 35+45+6;html;2;;;1
30;1;BA 38.1+47.63+9.53;css;2;;;1
31;1;BA 38.1+47.65+7.94;jquery;2;;;1
32;1;BA 38.1+50.8+6.35;ajax;2;;;1
33;1;BA 38.1+50.8+7.9;python;2;;;1
34;1;BA 38.1+50.8+9.53;ruby;2;;;1
35;1;BA 41.28+47.63+9.53;flexbox;2;;;1
36;1;BA 41.28+50.8+7.94;bootstrap;2;;;1
37;1;BA 41.28+50.8+9.52;laravel;2;;;1
38;1;BA 44.45+50.8+6.35;php;2;;;1
39;1;BA 44.45+57.15+9.53;composer;2;;;1
40;1;BA 44.45+60.63+11.11;node;2;;;1
41;1;BA 45+55+10;javascript;2;;;1
42;1;BA 50.8+63.5+6.35;vuejs;2;;;1
43;1;BA 50.8+63.5+9.52;react;2;;;1
44;1;BA 50.8+65.88+12.7;angular;2;;;1
45;1;BA 57.15+66.68+9.52;springboot;2;;;1
46;1;BA 63.5+72.2+9.52;sass;2;;;1
47;1;BA 63.5+73.3+9.52;html;2;;;1
48;1;BA 63.5+76.2+6.35;css;2;;;1
49;1;BA 63.5+82.55+14.29;jquery;2;;;1
50;1;BA 69.85+82.55+9.52;ajax;2;;;1
51;1;BA 69.85+88.9+14.29;python;2;;;1
52;1;BA 73.3+88.9;ruby;2;;;1
53;1;BA 76.2+88.9+9.52;flexbox;2;;;1
54;1;BA 76.2+92.7+12.5;bootstrap;2;;;1
55;1;DAS 30+22+13.5;laravel;2;;;1
56;1;DAS 32+22+6+16.4;php;2;;;1
57;1;DAS 35+25+16.4;composer;2;;;1
58;1;DAS 40+24+18.5;node;2;;;1
59;1;DAS 40+30+12.5;javascript;2;;;1
60;1;DAS 40+30+16.5;vuejs;2;;;1
61;1;DAS 40+32+15.5;react;2;;;1
62;1;DAS 44.45+28.57+19.5;angular;2;;;1
63;1;DAS 45+29+18.4;springboot;2;;;1
64;1;DAS 45+31+15.5;sass;2;;;1
65;1;DAS 45+37+15.5;html;2;;;1
66;1;DAS 50+34+20.5;css;2;;;1
67;1;DAS 50+38+20.8;jquery;2;;;1
68;1;DAS 50+40+12.5;ajax;2;;;1
69;1;DAS 55+39+18.4;python;2;;;1
70;1;DAS 55+39+20.5;ruby;2;;;1
71;1;DAS 60.32+44.45+19.5;flexbox;2;;;1
72;1;DAS 60+32+44.45;bootstrap;2;;;1
73;1;DAS 60+44+18.5;laravel;2;;;1
74;1;DAS 60+44+18.5;php;2;;;1
75;1;DAS 60+44+20.5;composer;2;;;1
76;1;DAS 60+44+20.5;node;2;;;1
77;1;DAS 60+48+20.5;javascript;2;;;1
78;1;DAS 63.51+20.5;vuejs;2;;;1
79;1;DAS 63+47+19.5;react;2;;;1
80;1;DAS 63+47+20.5;angular;2;;;1
81;1;DAS 65+49+20.5;springboot;2;;;1
82;1;DAS 70+50+20.4;sass;2;;;1
83;1;DAS 70+54+20.5;html;2;;;1
84;1;DAS 75.59+20.5;css;2;;;1
85;1;DAS 75+55+22.4;jquery;2;;;1
86;1;DAS 80+60+22.5;ajax;2;;;1
87;1;DAS 80+62+22.5;python;2;;;1
88;1;DAS 80+66+22.4;ruby;2;;;1
89;1;DAS 82.55+63.5+23.81;flexbox;2;;;1
90;1;DAS 82+55+73.5;bootstrap;2;;;1
91;1;DAS 85+75+20;laravel;2;;;1
92;1;DAS 88.9+69.8+5/1;php;2;;;1
93;1;DAS 90+70+22.4;composer;2;;;1
94;1;DHS 10+20+4.8;node;2;;;1
95;1;DHS 10+20+4/8;javascript;2;;;1
96;1;DHS 12+18+3.6/4.8;vuejs;2;;;1
97;1;DHS 12+20+4.5/6;react;2;;;1
98;1;DHS 14+22+4.5/6;angular;2;;;1
99;1;DHS 16+22+3.6/4.8;springboot;2;;;1
100;1;DHS 16+24+4.5/5;sass;2;;;1
101;1;DHS 16+24+4.5/6;html;2;;;1
102;1;DHS 18+24+4.9;css;2;;;1
103;1;DHS 18+26+4.5/6;jquery;2;;;1
104;1;DHS 18+26+4/7;ajax;2;;;1
105;1;DHS 20+26+3.6/4;python;2;;;1
106;1;DHS 20+28+4.5/6;ruby;2;;;1
107;1;DHS 20+30+7/10;flexbox;2;;;1
108;1;DHS 22.4+30.4+4.5/6;bootstrap;2;;;1
109;1;DHS 22+30+4.5/6;laravel;2;;;1
110;1;DHS 24+32+4.5/6;php;2;;;1
111;1;DHS 25+33+4.5;composer;2;;;1
112;1;DHS 25+33+4.5/6;node;2;;;1
113;1;DHS 26+32+2.5/4.2;javascript;2;;;1
114;1;DHS 26+34+4.5/6;vuejs;2;;;1
115;1;DHS 28+36+6;react;2;;;1
116;1;DHS 30+38+5/6.5;angular;2;;;1
117;1;DHS 31.5+39.5+5/6.5;springboot;2;;;1
118;1;DHS 32+40+5/6.5;sass;2;;;1
119;1;DHS 35+43+5/6.5;html;2;;;1
120;1;DHS 35+45+4.6/6.5;css;2;;;1
121;1;DHS 35+45+4.6/8;jquery;2;;;1
122;1;DHS 38+46+5/6.5;ajax;2;;;1
123;1;DHS 40+48+5/6.5;python;2;;;1
124;1;DHS 40+50+10/7;ruby;2;;;1
125;1;DHS 40+50+4/7;flexbox;2;;;1
126;1;DHS 40+50+5/6;bootstrap;2;;;1
127;1;DHS 45+53+5/6.5;laravel;2;;;1
128;1;DHS 48+56+6.5;php;2;;;1
129;1;DHS 50+58+4/7;composer;2;;;1
130;1;DHS 50+58+5/2;node;2;;;1
131;1;DHS 50+58+5/6.5;javascript;2;;;1
132;1;DHS 53+61+6.5;vuejs;2;;;1
133;1;DHS 55+63+5/6.5;react;2;;;1
134;1;DHS 55+65+5/7;angular;2;;;1
135;1;DHS 55+65+6/7;springboot;2;;;1
136;1;DHS 56+64+6.5;sass;2;;;1
137;1;DHS 60+68+6.5;html;2;;;1
138;1;DHS 60+70+5.3/7.3;css;2;;;1
139;1;DHS 60+70+6/8;jquery;2;;;1
140;1;DHS 63.71+5/6.5;ajax;2;;;1
141;1;dhs 63+71+5/6.5;python;2;;;1
142;1;DHS 65+73+4/7;ruby;2;;;1
143;1;DHS 65+73+5/6.5;flexbox;2;;;1
144;1;DHS 65+73+5/7;bootstrap;2;;;1
145;1;DHS 67+75+5/6.5;laravel;2;;;1
146;1;DHS 70+78+4/7;php;2;;;1
147;1;DHS 70+80+6/8;composer;2;;;1
148;1;DHS 75+85+6/8;node;2;;;1
149;1;DHS 80+90+6/8;javascript;2;;;1
150;1;DHS 85+100+10;vuejs;2;;;1
151;1;dhs 85+100+7/10;react;2;;;1
152;1;DHS 85+95+6/8;angular;2;;;1
153;1;DHS 90+100+6/8;springboot;2;;;1
154;1;DHS 95+105+6/8;sass;2;;;1
155;1;DHS 95+105+8;html;2;;;1
156;1;DHS 95+107+7/12;css;2;;;1
157;1;DHS 98+108+6/8;jquery;2;;;1
158;1;DHS 100+112+7/11;ajax;2;;;1
159;1;LH -M 10+20+5/8;python;2;;;1
160;1;LH -M 14+22+4.5/5;ruby;2;;;1
161;1;LH-M 12+18+5.5/5;flexbox;2;;;1
162;1;LH-M 12+20+4/6;bootstrap;2;;;1
163;1;LH-M 12+22+5/8;laravel;2;;;1
164;1;LH-M 14+20+3/6;php;2;;;1
165;1;LH-M 14+24+5/7;composer;2;;;1
166;1;LH-M 15+22+3/4;node;2;;;1
167;1;LH-M 15+25+5/8;javascript;2;;;1
168;1;LH-M 16+22+3/4;vuejs;2;;;1
169;1;LH-M 16+24+5/8;react;2;;;1
170;1;LH-M 16+26+5/1;angular;2;;;1
171;1;LH-M 18+28+5/10;springboot;2;;;1
172;1;LH-M 18+30+6/9;sass;2;;;1
173;1;LH-M 19.26+5/7;html;2;;;1
174;1;LH-M 19.5+25.4+3.18/5.56;css;2;;;1
175;1;LH-M 19.5+28.5+4.18/6.3;jquery;2;;;1
176;1;LH-M 20+26+2.5/5;ajax;2;;;1
177;1;LH-M 20+26+4/7;python;2;;;1
178;1;LH-M 20+26+4/7;ruby;2;;;1
179;1;LH-M 20+26+5/7;flexbox;2;;;1
180;1;LH-M 20+28+3.5/5;bootstrap;2;;;1
181;1;LH-M 20+28+3.5/5;laravel;2;;;1
182;1;LH-M 20+28+4/6;php;2;;;1
183;1;LH-M 20+28+5/8;composer;2;;;1
184;1;LH-M 20+28+7/10;node;2;;;1
185;1;LH-M 20+30+4/6;javascript;2;;;1
186;1;LH-M 20+30+5/10;vuejs;2;;;1
187;1;LH-M 20+30+5/7;react;2;;;1
188;1;LH-M 20+30+5/7;angular;2;;;1
189;1;LH-M 20+30+5/8;springboot;2;;;1
190;1;LH-M 20+30+7/10;sass;2;;;1
191;1;LH-M 20+32+6/9;html;2;;;1
192;1;LH-M 20+32+7/10;css;2;;;1
193;1;LH-M 22+28+5/8;jquery;2;;;1
194;1;LH-M 22+30+5/7;ajax;2;;;1
195;1;LH-M 22+32+6/9;python;2;;;1
196;1;LH-M 22+34+6/9;ruby;2;;;1
197;1;LH-M 22+35+5/8;flexbox;2;;;1
198;1;LH-M 25.4+34.93+4.78/7.14;bootstrap;2;;;1
199;1;LH-M 25+35+5/8;laravel;2;;;1
200;1;LH-M 25+37+7/10;php;2;;;1
201;1;LH-M 25+38+7/10;composer;2;;;1
202;1;LH-M 25+40+7/10;node;2;;;1
203;1;LH-M 28.58+38.1+5.5/7.14;javascript;2;;;1
204;1;LH-M 28.58+38.1+5.56/7.14;vuejs;2;;;1
205;1;LH-M 28+38+7/10;react;2;;;1
206;1;LH-M 30+40+5/8;angular;2;;;1
207;1;LH-M 30+45+7/10;springboot;2;;;1
208;1;LH-M 31.75+41.28+6.35;sass;2;;;1
209;1;LH-M 31+25+4;html;2;;;1
210;1;LH-M 32+40+6/9;css;2;;;1
211;1;LH-M 32+42+6/9;jquery;2;;;1
212;1;LH-M 32+42+7/10;ajax;2;;;1
213;1;LH-M 35+45+7/10;python;2;;;1
214;1;LH-M 35+47+7/10;ruby;2;;;1
215;1;LH-M 35+52+7/10;flexbox;2;;;1
216;1;LH-M 36+48+7/10;bootstrap;2;;;1
217;1;LH-M 38+48+7/10;laravel;2;;;1
218;1;LH-M 40+50+5/8;php;2;;;1
219;1;LH-M 40+50+7/10;composer;2;;;1
220;1;LH-M 40+52+7/10;node;2;;;1
221;1;LH-M 42+52+7/10;javascript;2;;;1
222;1;LH-M 45+57+7/10;vuejs;2;;;1
223;1;LH-M 45+57+7/10;react;2;;;1
224;1;LH-M 45+60+7/10;angular;2;;;1
225;1;LH-M 48+60+7/10;springboot;2;;;1
226;1;LH-M 50+62+7/10;sass;2;;;1
227;1;LH-M 50+63+7/10;html;2;;;1
228;1;LH-M 50+64+8/11;css;2;;;1
229;1;LH-M 50+65+7/10;jquery;2;;;1
230;1;LH-M 50+68+7/10;ajax;2;;;1
231;1;LH-M 55+63+7/10;python;2;;;1
232;1;LH-M 55+65+7/10;ruby;2;;;1
233;1;LH-M 55+69+8/11;flexbox;2;;;1
234;1;LH-M 56+66+7/10;bootstrap;2;;;1
235;1;LH-M 63.5+76.2+7.95/11;laravel;2;;;1
236;1;LH-M 63+73+7/10;php;2;;;1
237;1;LH-M 63+77+8/11;composer;2;;;1
238;1;LH-M 65+75+7/10;node;2;;;1
239;1;LH-M 70+80+7/10;javascript;2;;;1
240;1;LH-M 70+84+8/11;vuejs;2;;;1
241;1;LH-M 70+85+7/10;react;2;;;1
242;1;LH-M 75+89+8/11;angular;2;;;1
243;1;LH-M 76.2+88.9+7.95/11.13;springboot;2;;;1
244;1;LH-M 80+94+8/11;sass;2;;;1
245;1;LH-M 85+95+7/10;html;2;;;1
246;1;LH-M 85+99+8/11;css;2;;;1
247;1;LH-M 90+100+7/10;jquery;2;;;1
248;1;LH-M 90+105+6;ajax;2;;;1
249;1;LH-M 95+105+7/10;python;2;;;1
250;1;ORING 1-123;ruby;2;;;1
251;1;ORING 2-004;flexbox;2;;;1
252;1;ORING 2-007;bootstrap;2;;;1
253;1;ORING 2-008;laravel;2;;;1
254;1;ORING 2-010;php;2;;;1
255;1;ORING 2-011;composer;2;;;1
256;1;ORING 2-014;node;2;;;1
257;1;ORING 2-015 ;javascript;2;;;1
258;1;ORING 2-016;vuejs;2;;;1
259;1;ORING 2-017;react;2;;;1
260;1;ORING 2-018;angular;2;;;1
261;1;ORING 2-018;springboot;2;;;1
262;1;ORING 2-019;sass;2;;;1
263;1;ORING 2-020;html;2;;;1
264;1;ORING 2-021;css;2;;;1
265;1;ORING 2-022;jquery;2;;;1
266;1;ORING 2-023;ajax;2;;;1
267;1;ORING 2-025;python;2;;;1
268;1;ORING 2-027;ruby;2;;;1
269;1;ORING 2-102;flexbox;2;;;1
270;1;ORING 2-104;bootstrap;2;;;1
271;1;ORING 2-105;laravel;2;;;1
272;1;ORING 2-106;php;2;;;1
273;1;ORING 2-107;composer;2;;;1
274;1;ORING 2-109;node;2;;;1
275;1;ORING 2-111;javascript;2;;;1
276;1;ORING 2-112;vuejs;2;;;1
277;1;ORING 2-113;react;2;;;1
278;1;ORING 2-114;angular;2;;;1
279;1;ORING 2-115;springboot;2;;;1
280;1;ORING 2-117;sass;2;;;1
281;1;ORING 2-118;html;2;;;1
282;1;ORING 2-119;css;2;;;1
283;1;ORING 2-120;jquery;2;;;1
284;1;ORING 2-121;ajax;2;;;1
285;1;ORING 2-124;python;2;;;1
286;1;ORING 2-125;ruby;2;;;1
287;1;ORING 2-126;flexbox;2;;;1
288;1;ORING 2-127;bootstrap;2;;;1
289;1;ORING 2-128;laravel;2;;;1
290;1;ORING 2-129;php;2;;;1
291;1;ORING 2-130;composer;2;;;1
292;1;ORING 2-131;node;2;;;1
293;1;ORING 2-132;javascript;2;;;1
294;1;ORING 2-133;vuejs;2;;;1
295;1;ORING 2-134;react;2;;;1
296;1;ORING 2-135;angular;2;;;1
297;1;ORING 2-136;springboot;2;;;1
298;1;ORING 2-137;sass;2;;;1
299;1;ORING 2-138;html;2;;;1
300;1;ORING 2-139;css;2;;;1
301;1;ORING 2-140;jquery;2;;;1
302;1;ORING 2-141;ajax;2;;;1
303;1;ORING 2-142;python;2;;;1
304;1;ORING 2-142;ruby;2;;;1
305;1;ORING 2-143;flexbox;2;;;1
306;1;ORING 2-144;bootstrap;2;;;1
307;1;ORING 2-145;laravel;2;;;1
308;1;ORING 2-146;php;2;;;1
309;1;ORING 2-147 ;composer;2;;;1
310;1;ORING 2-148;node;2;;;1
311;1;ORING 2-149;javascript;2;;;1
312;1;ORING 2-150;vuejs;2;;;1
313;1;ORING 2-151;react;2;;;1
314;1;ORING 2-152;angular;2;;;1
315;1;ORING 2-154;springboot;2;;;1
316;1;ORING 2-162;sass;2;;;1
317;1;ORING 2-201;html;2;;;1
318;1;ORING 2-202;css;2;;;1
319;1;ORING 2-203;jquery;2;;;1
320;1;ORING 2-205;ajax;2;;;1
321;1;ORING 2-206;python;2;;;1
322;1;ORING 2-207;ruby;2;;;1
323;1;ORING 2-208;flexbox;2;;;1
324;1;ORING 2-209;bootstrap;2;;;1
325;1;ORING 2-210;laravel;2;;;1
326;1;ORING 2-211;php;2;;;1
327;1;ORING 2-212;composer;2;;;1
328;1;ORING 2-216;node;2;;;1
329;1;ORING 2-217;javascript;2;;;1
330;1;ORING 2-218;vuejs;2;;;1
331;1;ORING 2-219;react;2;;;1
332;1;ORING 2-220;angular;2;;;1
333;1;ORING 2-221;springboot;2;;;1
334;1;ORING 2-222;sass;2;;;1
335;1;ORING 2-223;html;2;;;1
336;1;ORING 2-224;css;2;;;1
337;1;ORING 2-224;jquery;2;;;1
338;1;ORING 2-225;ajax;2;;;1
339;1;ORING 2-226;python;2;;;1
340;1;ORING 2-227;ruby;2;;;1
341;1;ORING 2-228;flexbox;2;;;1
342;1;ORING 2-229;bootstrap;2;;;1
343;1;ORING 2-230;laravel;2;;;1
344;1;ORING 2-231;php;2;;;1
345;1;ORING 2-236;composer;2;;;1
346;1;ORING 2X10;node;2;;;1
347;1;ORING 2X11;javascript;2;;;1
348;1;ORING 2X12;vuejs;2;;;1
349;1;ORING 2X13;react;2;;;1
350;1;ORING 2X14;angular;2;;;1
351;1;ORING 2X15;springboot;2;;;1
352;1;ORING 2X16;sass;2;;;1
353;1;ORING 2X17;html;2;;;1
354;1;ORING 2X18;css;2;;;1
355;1;ORING 2X19;jquery;2;;;1
356;1;ORING 2X20;ajax;2;;;1
357;1;ORING 2X21;python;2;;;1
358;1;ORING 2X22;ruby;2;;;1
359;1;ORING 2X23;flexbox;2;;;1
360;1;ORING 2X24;bootstrap;2;;;1
361;1;ORING 2X25;laravel;2;;;1
362;1;ORING 2X26;php;2;;;1
363;1;ORING 2X27;composer;2;;;1
364;1;ORING 2X28;node;2;;;1
365;1;ORING 2X29;javascript;2;;;1
366;1;ORING 2X3;vuejs;2;;;1
367;1;ORING 2X30;react;2;;;1
368;1;ORING 2X31;angular;2;;;1
369;1;ORING 2X32;springboot;2;;;1
370;1;ORING 2X33;sass;2;;;1
371;1;ORING 2X34;html;2;;;1
372;1;ORING 2X35;css;2;;;1
373;1;ORING 2X36;jquery;2;;;1
374;1;ORING 2X37;ajax;2;;;1
375;1;ORING 2X38;python;2;;;1
376;1;ORING 2X39;ruby;2;;;1
377;1;ORING 2X4;flexbox;2;;;1
378;1;ORING 2X40;bootstrap;2;;;1
379;1;ORING 2X41;laravel;2;;;1
380;1;ORING 2X42;php;2;;;1
381;1;ORING 2X43;composer;2;;;1
382;1;ORING 2X44;node;2;;;1
383;1;ORING 2X45;javascript;2;;;1
384;1;ORING 2X46;vuejs;2;;;1
385;1;ORING 2X47;react;2;;;1
386;1;ORING 2X48;angular;2;;;1
387;1;ORING 2X49;springboot;2;;;1
388;1;ORING 2X5;sass;2;;;1
389;1;ORING 2X50;html;2;;;1
390;1;ORING 2X51;css;2;;;1
391;1;ORING 2X52;jquery;2;;;1
392;1;ORING 2X53;ajax;2;;;1
393;1;ORING 2X54;python;2;;;1
394;1;ORING 2X55;ruby;2;;;1
395;1;ORING 2X56;flexbox;2;;;1
396;1;ORING 2X57;bootstrap;2;;;1
397;1;ORING 2X58;laravel;2;;;1
398;1;ORING 2X59;php;2;;;1
399;1;ORING 2X6;composer;2;;;1
400;1;ORING 2X60;node;2;;;1
401;1;ORING 2X61;javascript;2;;;1
402;1;ORING 2X62;vuejs;2;;;1
403;1;ORING 2X63;react;2;;;1
404;1;ORING 2X64;angular;2;;;1
405;1;ORING 2X65;springboot;2;;;1
406;1;ORING 2X66;sass;2;;;1
407;1;ORING 2X67;html;2;;;1
408;1;ORING 2X68;css;2;;;1
409;1;ORING 2X69;jquery;2;;;1
410;1;ORING 2X7;ajax;2;;;1
411;1;ORING 2X70;python;2;;;1
412;1;ORING 2X71;ruby;2;;;1
413;1;ORING 2X72;flexbox;2;;;1
414;1;ORING 2X73;bootstrap;2;;;1
415;1;ORING 2X74;laravel;2;;;1
416;1;ORING 2X75;php;2;;;1
417;1;ORING 2X76;composer;2;;;1
418;1;ORING 2X77.5;node;2;;;1
419;1;ORING 2X79.5;javascript;2;;;1
420;1;ORING 2X8;vuejs;2;;;1
421;1;ORING 2X80;react;2;;;1
422;1;ORING 2X81;angular;2;;;1
423;1;ORING 2X82;springboot;2;;;1
424;1;ORING 2X83;sass;2;;;1
425;1;ORING 2X84;html;2;;;1
426;1;ORING 2X85;css;2;;;1
427;1;ORING 2X86;jquery;2;;;1
428;1;ORING 2X9;ajax;2;;;1
429;1;ORING 2X90;python;2;;;1
430;1;ORING 2X91;ruby;2;;;1
431;1;ORING 2X92;flexbox;2;;;1
432;1;ORING 2X94.5;bootstrap;2;;;1
433;1;ORING 2X96;laravel;2;;;1
434;1;ORING 2X100;php;2;;;1
435;1;ORING 3X10X16;composer;2;;;1
436;1;ORING 3X12X18;node;2;;;1
437;1;ORING 3X14X20;javascript;2;;;1
438;1;ORING 3X15X21;vuejs;2;;;1
439;1;ORING 3X16X22;react;2;;;1
440;1;ORING 3X17X23;angular;2;;;1
441;1;ORING 3X18X24;springboot;2;;;1
442;1;ORING 3X19X25 ;sass;2;;;1
443;1;ORING 3X20X26;html;2;;;1
444;1;ORING 3X21;css;2;;;1
445;1;ORING 3X25;jquery;2;;;1
446;1;ORING 3X26;ajax;2;;;1
447;1;ORING 3X27;python;2;;;1
448;1;ORING 3X28;ruby;2;;;1
449;1;ORING 3X30;flexbox;2;;;1
450;1;ORING 3X33;bootstrap;2;;;1
451;1;ORING 3X35;laravel;2;;;1
452;1;ORING 3X36;php;2;;;1
453;1;ORING 3X37;composer;2;;;1
454;1;ORING 3X38;node;2;;;1
455;1;ORING 3X39;javascript;2;;;1
456;1;ORING 3X40;vuejs;2;;;1
457;1;ORING 3X42;react;2;;;1
458;1;ORING 3X43;angular;2;;;1
459;1;ORING 3X44;springboot;2;;;1
460;1;ORING 3X46;sass;2;;;1
461;1;ORING 3X47;html;2;;;1
462;1;ORING 3X48;css;2;;;1
463;1;ORING 3X49;jquery;2;;;1
464;1;ORING 3X52;ajax;2;;;1
465;1;ORING 3X53;python;2;;;1
466;1;ORING 3X60;ruby;2;;;1
467;1;ORING 3X62;flexbox;2;;;1
468;1;ORING 3X63;bootstrap;2;;;1
469;1;ORING 3X64;laravel;2;;;1
470;1;ORING 3X65;php;2;;;1
471;1;ORING 3X69;composer;2;;;1
472;1;ORING 3X70;node;2;;;1
473;1;ORING 3X72;javascript;2;;;1
474;1;ORING 3X73;vuejs;2;;;1
475;1;ORING 3X74;react;2;;;1
476;1;ORING 3X75;angular;2;;;1
477;1;ORING 3X76;springboot;2;;;1
478;1;ORING 3X77;sass;2;;;1
479;1;ORING 3X78;html;2;;;1
480;1;ORING 3X79;css;2;;;1
481;1;ORING 3X80;jquery;2;;;1
482;1;ORING 3X82;ajax;2;;;1
483;1;ORING 3X83;python;2;;;1
484;1;ORING 3X84;ruby;2;;;1
485;1;ORING 3X85;flexbox;2;;;1
486;1;ORING 3X88;bootstrap;2;;;1
487;1;ORING 3X92;laravel;2;;;1
488;1;ORING 3X94;php;2;;;1
489;1;ORING 3X95;composer;2;;;1
490;1;ORING 3X98;node;2;;;1
491;1;ORING 3X99;javascript;2;;;1
492;1;ORING 3X100;vuejs;2;;;1
493;1;ORING 4X10X18;react;2;;;1
494;1;ORING 4X12X20;angular;2;;;1
495;1;ORING 4X14X22;springboot;2;;;1
496;1;ORING 4X18X24;sass;2;;;1
497;1;ORING 4X20X28;html;2;;;1
498;1;ORING 4X22X30;css;2;;;1
499;1;ORING 4X24X32;jquery;2;;;1
500;1;ORING 4X26X34;ajax;2;;;1
501;1;ORING 4X28X36;python;2;;;1
502;1;ORING 4X30X38;ruby;2;;;1
503;1;ORING 4X34X42;flexbox;2;;;1
504;1;ORING 4X36X44;bootstrap;2;;;1
505;1;ORING 4X38X46;laravel;2;;;1
506;1;ORING 4X40X48;php;2;;;1
507;1;ORING 4X42X50;composer;2;;;1
508;1;ORING 4X44X52;node;2;;;1
509;1;ORING 4X48X56;javascript;2;;;1
510;1;ORING 4X50X58;vuejs;2;;;1
511;1;ORING 4X52X60;react;2;;;1
512;1;ORING 4X54X62;angular;2;;;1
513;1;ORING 4X56X64;springboot;2;;;1
514;1;ORING 4X63X67;sass;2;;;1
515;1;ORING 4X68X76;html;2;;;1
516;1;ORING 4X70X78;css;2;;;1
517;1;ORING 4X78X82;jquery;2;;;1
518;1;ORING 4X79X83;ajax;2;;;1
519;1;ORING 4X82X90;python;2;;;1
520;1;ORING 4X83X91;ruby;2;;;1
521;1;ORING 4X84X92;flexbox;2;;;1
522;1;ORING 4X85X93;bootstrap;2;;;1
523;1;ORING 4X87X95;laravel;2;;;1
524;1;ORING 4X92X100;php;2;;;1
525;1;ORING 4X95X103;composer;2;;;1
526;1;ORING 4X98X106;node;2;;;1
527;1;ORING 4X100X108;javascript;2;;;1
528;1;ORING 4X100X108;vuejs;2;;;1
529;1;ORING 4X101X109;react;2;;;1
530;1;ORING 4X105X113;angular;2;;;1
531;1;ORING 4X108X116;springboot;2;;;1
532;1;ORING 4X109X117;sass;2;;;1
533;1;ORING 4X110X118;html;2;;;1
534;1;ORING 4X118X126;css;2;;;1
535;1;ORING 4X119X127;jquery;2;;;1
536;1;ORING 4X120X128;ajax;2;;;1
537;1;ORING 4X124X132;python;2;;;1
538;1;ORING 4X127X136;ruby;2;;;1
539;1;ORING 4X128X137;flexbox;2;;;1
540;1;ORING 4X130X138;bootstrap;2;;;1
541;1;ORING 4X132X140;laravel;2;;;1
542;1;ORING 4X138X146;php;2;;;1
543;1;ORING 4X142X150;composer;2;;;1
544;1;ORING 4X144X148;node;2;;;1
545;1;ORING 4X150X158;javascript;2;;;1
546;1;ORING 4X157X165;vuejs;2;;;1
547;1;ORING 4X162X170;react;2;;;1
548;1;ORING 4X168X176;angular;2;;;1
549;1;ORING 4X174X182;springboot;2;;;1
550;1;ORING 4X180X188;sass;2;;;1
551;1;ORING 4X182X190;html;2;;;1
552;1;ORING 4X187X195;css;2;;;1
553;1;ORING 4X192X200;jquery;2;;;1
554;1;ORING 4X194X202;ajax;2;;;1
555;1;ORING 4X196X204;python;2;;;1
556;1;ORING 4X198;ruby;2;;;1
557;1;ORING 4X202X210;flexbox;2;;;1
558;1;ORING 4X207X215;bootstrap;2;;;1
559;1;PS 10+2.2;laravel;2;;;1
560;1;PS 12+3.2;php;2;;;1
561;1;PS 14+3.2;composer;2;;;1
562;1;PS 15+3.2;node;2;;;1
563;1;PS 15+3.5;javascript;2;;;1
564;1;PS 15+3.5;vuejs;2;;;1
565;1;PS 16+3.2;react;2;;;1
566;1;PS 18+3.2;angular;2;;;1
567;1;PS 19.5+4.2;springboot;2;;;1
568;1;PS 20+3.2;sass;2;;;1
569;1;PS 20+4.2;html;2;;;1
570;1;PS 22+3.2;css;2;;;1
571;1;PS 22+3.2;jquery;2;;;1
572;1;PS 25+3.2;ajax;2;;;1
573;1;PS 25+3.2;python;2;;;1
574;1;PS 25+4.2;ruby;2;;;1
575;1;PS 25+4.2;flexbox;2;;;1
576;1;PS 28+3.2;bootstrap;2;;;1
577;1;PS 28+4.2;laravel;2;;;1
578;1;PS 30+3.2;php;2;;;1
579;1;PS 30+3.2;composer;2;;;1
580;1;PS 30+4.2;node;2;;;1
581;1;PS 32+3.2;javascript;2;;;1
582;1;PS 32+4.2;vuejs;2;;;1
583;1;PS 35+2.2;react;2;;;1
584;1;PS 35+3.2;angular;2;;;1
585;1;PS 35+3.2;springboot;2;;;1
586;1;PS 36+3.2;sass;2;;;1
587;1;PS 38+4.2;html;2;;;1
588;1;PS 38+6.3;css;2;;;1
589;1;PS 40+4.2;jquery;2;;;1
590;1;PS 40+4.2;ajax;2;;;1
591;1;PS 40+6.3;python;2;;;1
592;1;PS 42+4.2;ruby;2;;;1
593;1;PS 42+6.3;flexbox;2;;;1
594;1;PS 45+4.2;bootstrap;2;;;1
595;1;PS 48+4.2;laravel;2;;;1
596;1;PS 50+6.3;php;2;;;1
597;1;PS 55+4.2;composer;2;;;1
598;1;PS 55+6.3;node;2;;;1
599;1;PS 60+3.3;javascript;2;;;1
600;1;PS 60+4.2;vuejs;2;;;1
601;1;PS 60+6.3;react;2;;;1
602;1;PS 63+4.2;angular;2;;;1
603;1;PS 63+4.2;springboot;2;;;1
604;1;PS 63+6.3;sass;2;;;1
605;1;PS 65+4.2;html;2;;;1
606;1;PS 65+4.2;css;2;;;1
607;1;PS 65+6.3;jquery;2;;;1
608;1;PS 65+6+3;ajax;2;;;1
609;1;PS 70+4.2;python;2;;;1
610;1;PS 70+6.3;ruby;2;;;1
611;1;PS 75+4.2;flexbox;2;;;1
612;1;PS 75+4.2;bootstrap;2;;;1
613;1;PS 75+6.3;laravel;2;;;1
614;1;PS 75+6.3;php;2;;;1
615;1;PS 8+2.2;composer;2;;;1
616;1;PS 80+4.2;node;2;;;1
617;1;PS 80+4.2;javascript;2;;;1
618;1;PS 80+6.3;vuejs;2;;;1
619;1;PS 85+6.3;react;2;;;1
620;1;PS 85+8.1;angular;2;;;1
621;1;PS 90+4.2;springboot;2;;;1
622;1;PS 90+6.3;sass;2;;;1
623;1;PS 90+8.1;html;2;;;1
624;1;PS 95+4.2;css;2;;;1
625;1;PS 95+6.3;jquery;2;;;1
626;1;PS 95+6.3;ajax;2;;;1
627;1;PS 98+6.3;python;2;;;1
628;1;PS 100+4.2;ruby;2;;;1
629;1;PW 10+16+3.5/5;flexbox;2;;;1
630;1;PW 12+18+4/5;bootstrap;2;;;1
631;1;PW 12+18+5/7;laravel;2;;;1
632;1;PW 14+18+2/2.3;php;2;;;1
633;1;PW 14+20+3.3/5;composer;2;;;1
634;1;PW 14+20+3.5/5;node;2;;;1
635;1;PW 16+19+4.3/5;javascript;2;;;1
636;1;PW 16+22+3/4;vuejs;2;;;1
637;1;PW 16+24 +5/7;react;2;;;1
638;1;PW 18+24+3/4;angular;2;;;1
639;1;PW 18+24+6.3/5.3;springboot;2;;;1
640;1;PW 18+26+5/7;sass;2;;;1
641;1;PW 18+30+5/7;html;2;;;1
642;1;PW 19+26+2.5/4;css;2;;;1
643;1;PW 19+28+5/7;jquery;2;;;1
644;1;PW 20+28+5/7;ajax;2;;;1
645;1;PW 20+28+6;python;2;;;1
646;1;PW 20+30.5+5.3;ruby;2;;;1
647;1;PW 20+30+5/7;flexbox;2;;;1
648;1;PW 22+30+5/7;bootstrap;2;;;1
649;1;PW 24+ 32+5/7;laravel;2;;;1
650;1;PW 24+32+5/7;php;2;;;1
651;1;PW 25+30+4.5/6.5;composer;2;;;1
652;1;PW 25+33+3/5;node;2;;;1
653;1;PW 25+33+5/7;javascript;2;;;1
654;1;PW 27+35+7/5;vuejs;2;;;1
655;1;PW 28+32+2.4/4.2;react;2;;;1
656;1;PW 28+36+5/7;angular;2;;;1
657;1;PW 28+38+5/7;springboot;2;;;1
658;1;PW 30+45+5/8;sass;2;;;1
659;1;PW 32+40+3.5/6;html;2;;;1
660;1;PW 32+40+5/7;css;2;;;1
661;1;PW 33+42+5/7;jquery;2;;;1
662;1;PW 34.92+44.45+5.15/6.63;ajax;2;;;1
663;1;PW 35+43+5/7;python;2;;;1
664;1;PW 36+44+5/7;ruby;2;;;1
665;1;PW 36+48+5/7;flexbox;2;;;1
666;1;PW 38+44+5/7;bootstrap;2;;;1
667;1;PW 38+46+2.5/4;laravel;2;;;1
668;1;PW 38+46+5/7;php;2;;;1
669;1;PW 40+48+5/6.5;composer;2;;;1
670;1;PW 40+48+5/7;node;2;;;1
671;1;PW 40+50+5/7;javascript;2;;;1
672;1;PW 42+50+5/7;vuejs;2;;;1
673;1;PW 45+53+5/7;react;2;;;1
674;1;PW 45+55+5/7;angular;2;;;1
675;1;PW 48+54+5/7;springboot;2;;;1
676;1;PW 50.8+56.47+2.2/4.7;sass;2;;;1
677;1;PW 50+50+5/7;html;2;;;1
678;1;PW 50+58+5/7;css;2;;;1
679;1;PW 50+60+5/7;jquery;2;;;1
680;1;PW 50+65+7/2;ajax;2;;;1
681;1;PW 55+63+5/7;python;2;;;1
682;1;PW 55+65+5/7;ruby;2;;;1
683;1;PW 56+64+5/7;flexbox;2;;;1
684;1;PW 56+66+5/7;bootstrap;2;;;1
685;1;PW 58+68+5/7;laravel;2;;;1
686;1;PW 60+68+5/7;php;2;;;1
687;1;PW 60+70+5/7;composer;2;;;1
688;1;PW 63+71+5/7;node;2;;;1
689;1;PW 63+73+5/7;javascript;2;;;1
690;1;PW 65.75+5/7;vuejs;2;;;1
691;1;PW 65+73+5/7;react;2;;;1
692;1;PW 65+75+5/7;angular;2;;;1
693;1;PW 67+75+5/6.5;springboot;2;;;1
694;1;PW 70+78+5/7;sass;2;;;1
695;1;PW 70+80+5/7;html;2;;;1
696;1;PW 70+80+5/8;css;2;;;1
697;1;PW 70+82+7/12;jquery;2;;;1
698;1;PW 70+88+5/7;ajax;2;;;1
699;1;PW 73+81+5/7;python;2;;;1
700;1;PW 8+14+3.5/4.5;ruby;2;;;1
701;1;PW 80+90+5/7;flexbox;2;;;1
702;1;PW 80+92+7/12;bootstrap;2;;;1
703;1;PW 80+93+7/9.5;laravel;2;;;1
704;1;PW 85+93+5/7;php;2;;;1
705;1;PW 90+102+12/7;composer;2;;;1
706;1;PW 90+98+5/7;node;2;;;1
707;1;PW 95+7/12;javascript;2;;;1
708;1;PW 95+97+7/12;vuejs;2;;;1
709;1;PW 100+112+7/10;react;2;;;1
710;1;RB 10+19+7/7.5;angular;2;;;1
711;1;RB 10+20+6/6.5;springboot;2;;;1
712;1;RB 10+22+6/6.5;sass;2;;;1
713;1;RB 10+26+7/7.5;html;2;;;1
714;1;RB 12.7+25.4+6.3/6;css;2;;;1
715;1;RB 12+25+7/7.5;jquery;2;;;1
716;1;RB 12+26+7;ajax;2;;;1
717;1;RB 12+28+7/7.5;python;2;;;1
718;1;RB 14+22+6/6.5;ruby;2;;;1
719;1;RB 14+25+7/7.5;flexbox;2;;;1
720;1;RB 15+30+7/7.5;bootstrap;2;;;1
721;1;RB 15+32+7;laravel;2;;;1
722;1;RB 15+35+7/7.5;php;2;;;1
723;1;RB 17.48+28.58+6.3/7;composer;2;;;1
724;1;RB 17+28+5/5.5;node;2;;;1
725;1;RB 17+28+7/7.5;javascript;2;;;1
726;1;RB 17+30+7/7.5;vuejs;2;;;1
727;1;RB 18+35+7/7.5;react;2;;;1
728;1;RB 19.5+31.75+6.35/6.8;angular;2;;;1
729;1;RB 19.5+44.45+9.5/10.4;springboot;2;;;1
730;1;RB 19+32+7/7.5;sass;2;;;1
731;1;RB 19+35+6;html;2;;;1
732;1;RB 19+35+7/7.5;css;2;;;1
733;1;RB 20.65+41.28+6.35/6;jquery;2;;;1
734;1;RB 20.65+41.28+6.35/6.85;ajax;2;;;1
735;1;RB 20+30+6/6.5;python;2;;;1
736;1;RB 20+32+6/6.5;ruby;2;;;1
737;1;RB 20+35+6/6.5;flexbox;2;;;1
738;1;RB 20+37+7/7.5;bootstrap;2;;;1
739;1;RB 20+40+7/7.5;laravel;2;;;1
740;1;RB 20+42+7/7.5;php;2;;;1
741;1;RB 20+47+7/7.5;composer;2;;;1
742;1;RB 22.2+12.7+6.3;node;2;;;1
743;1;RB 22.23.34.92+6.3/6.8;javascript;2;;;1
744;1;RB 22.23+38.1+6.35/7;vuejs;2;;;1
745;1;RB 22+32+6/6.5;react;2;;;1
746;1;RB 22+34+7/5;angular;2;;;1
747;1;RB 22+36+12;springboot;2;;;1
748;1;RB 22+36+7;sass;2;;;1
749;1;RB 22+38+6/6.5;html;2;;;1
750;1;RB 22+40+7/7.5;css;2;;;1
751;1;RB 22+42+11/11.5;jquery;2;;;1
752;1;RB 24+47+7/7.5;ajax;2;;;1
753;1;RB 25.4+34.92+6.35/7.1;python;2;;;1
754;1;RB 25.4+41.28+6.35/6.85;ruby;2;;;1
755;1;RB 25.4+41.28+7.9/8.74;flexbox;2;;;1
756;1;RB 25+40+7/7.5;bootstrap;2;;;1
757;1;RB 25+45+11/11.5;laravel;2;;;1
758;1;RB 25+45+7/7.5;php;2;;;1
759;1;RB 25+47+6/6.5;composer;2;;;1
760;1;RB 25+52+7/7.5;node;2;;;1
761;1;RB 26+37+7/7.5;javascript;2;;;1
762;1;RB 27+35+7/7.5;vuejs;2;;;1
763;1;RB 28.58+42.88+6.38/7.53;react;2;;;1
764;1;RB 28.58+50.8+6.35/7;angular;2;;;1
765;1;RB 28+37+7/7.5;springboot;2;;;1
766;1;RB 28+38+7/7.5;sass;2;;;1
767;1;RB 28+40+6/6.5;html;2;;;1
768;1;RB 28+42+6/6.5;css;2;;;1
769;1;RB 30+40+6/6.5;jquery;2;;;1
770;1;RB 30+52+10/11;ajax;2;;;1
771;1;RB 30+52+7/7.5;python;2;;;1
772;1;RB 31.7+44.45+6.3/6.8;ruby;2;;;1
773;1;RB 31.75+44.45+6.35/6.85;flexbox;2;;;1
774;1;RB 31.75+50.8+7/7.5;bootstrap;2;;;1
775;1;RB 32+42+7/7.5;laravel;2;;;1
776;1;RB 32+44+7/7.5;php;2;;;1
777;1;RB 32+45+7/7.5;composer;2;;;1
778;1;RB 32+47+6/6.5;node;2;;;1
779;1;RB 32+50+7/7.5;javascript;2;;;1
780;1;RB 35+45+7/7.5;vuejs;2;;;1
781;1;RB 35+48+5/5.5;react;2;;;1
782;1;RB 35+50+7/7.5;angular;2;;;1
783;1;RB 35+52+7;springboot;2;;;1
784;1;RB 35+54+6/6.5;sass;2;;;1
785;1;RB 35+55+7/8;html;2;;;1
786;1;RB 35+57+8/8.5;css;2;;;1
787;1;RB 36.5+50.8+7.9+8.7;jquery;2;;;1
788;1;RB 38.1+57.15+7.95/9.12;ajax;2;;;1
789;1;RB 38+52+7/7.5;python;2;;;1
790;1;RB 40+52+11/11.5;ruby;2;;;1
791;1;RB 40+52+7/7.5;flexbox;2;;;1
792;1;RB 40+55+7/7.5;bootstrap;2;;;1
793;1;RB 40+56+6/6.5;laravel;2;;;1
794;1;RB 40+60+7/7.5;php;2;;;1
795;1;RB 40+62+11;composer;2;;;1
796;1;RB 40+62+7/7.5;node;2;;;1
797;1;RB 40+70+5;javascript;2;;;1
798;1;RB 40+80+7/7.5;vuejs;2;;;1
799;1;RB 42+65+12;react;2;;;1
800;1;RB 42+72+6/6.5;angular;2;;;1
801;1;RB 45+58+6/6.5;springboot;2;;;1
802;1;RB 45+60+8/8.5;sass;2;;;1
803;1;RB 45+62+7.7;html;2;;;1
804;1;RB 45+65+7/7.5;css;2;;;1
805;1;RB 45+68+12;jquery;2;;;1
806;1;RB 45+80+7/7.5;ajax;2;;;1
807;1;RB 48+62+9/9.5;python;2;;;1
808;1;RB 48+70+12/13;ruby;2;;;1
809;1;RB 49+68.2+8/8.5;flexbox;2;;;1
810;1;RB 50+62+7/7.5;bootstrap;2;;;1
811;1;RB 50+65+7/7.5;laravel;2;;;1
812;1;RB 50+68+7/7.5;php;2;;;1
813;1;RB 50+70+10/11;composer;2;;;1
814;1;RB 50+72+7/7.5;node;2;;;1
815;1;RB 50+8+8/8.5;javascript;2;;;1
816;1;RB 52+72+7/7.5;vuejs;2;;;1
817;1;RB 55+68+7/7.5;react;2;;;1
818;1;RB 55+70+7/7.5;angular;2;;;1
819;1;RB 55+72+7/7.5;springboot;2;;;1
820;1;RB 55+75+12/12.5;sass;2;;;1
821;1;RB 55+78+12/13;html;2;;;1
822;1;RB 55+80+8;css;2;;;1
823;1;RB 55+90+5/7.5;jquery;2;;;1
824;1;RB 56+72+8/8.5;ajax;2;;;1
825;1;RB 57+75+7.5/7.5;python;2;;;1
826;1;RB 58+80+9;ruby;2;;;1
827;1;RB 60+75+8/9;flexbox;2;;;1
828;1;RB 60+90+7/7.5;bootstrap;2;;;1
829;1;RH 4+10+7;laravel;2;;;1
830;1;RH 4+12+4;php;2;;;1
831;1;RH 5+12+5;composer;2;;;1
832;1;RH 5+12+6;node;2;;;1
833;1;RH 5+12+8;javascript;2;;;1
834;1;RH 5+14+4.5;vuejs;2;;;1
835;1;RH 5+14+6;react;2;;;1
836;1;RH 5+14+8;angular;2;;;1
837;1;RH 6+12+5;springboot;2;;;1
838;1;RH 6+12+5.5;sass;2;;;1
839;1;RH 6+13.5+5;html;2;;;1
840;1;RH 6+13+5;css;2;;;1
841;1;RH 7.1+17.1+8;jquery;2;;;1
842;1;RH 8+14+4.6;ajax;2;;;1
843;1;RH 8+14+6;python;2;;;1
844;1;RH 8+14+8;ruby;2;;;1
845;1;RH 8+16+5.7;flexbox;2;;;1
846;1;RH 8+19+8;bootstrap;2;;;1
847;1;RH 9+16+6;laravel;2;;;1
848;1;RH 10+14+4;php;2;;;1
849;1;RH 10+15+3;composer;2;;;1
850;1;RH 10+16+6;node;2;;;1
851;1;RH 10+16+6;javascript;2;;;1
852;1;RH 10+18+8;vuejs;2;;;1
853;1;RH 10+20+5;react;2;;;1
854;1;RH 10+20+6;angular;2;;;1
855;1;RH 10+22+5;springboot;2;;;1
856;1;RH 10+22+6;sass;2;;;1
857;1;RH 10+22+8;html;2;;;1
858;1;RH 12.7+19.05+3.18;css;2;;;1
859;1;RH 12.7+19.05+3/11;jquery;2;;;1
860;1;RH 12.7+25.4+6.35;ajax;2;;;1
861;1;RH 12.70+22.23+6.35;python;2;;;1
862;1;RH 12+10+6;ruby;2;;;1
863;1;RH 12+18+4;flexbox;2;;;1
864;1;RH 12+18+6;bootstrap;2;;;1
865;1;RH 12+19+5;laravel;2;;;1
866;1;RH 12+20+7;php;2;;;1
867;1;RH 12+22+5;composer;2;;;1
868;1;RH 12+22+6;node;2;;;1
869;1;RH 12+22+7;javascript;2;;;1
870;1;RH 12+22+8;vuejs;2;;;1
871;1;RH 13/8+15/8+5/32;react;2;;;1
872;1;RH 14+20+5;angular;2;;;1
873;1;RH 14+20+6;springboot;2;;;1
874;1;RH 14+20+8;sass;2;;;1
875;1;RH 14+22+5;html;2;;;1
876;1;RH 14+22+5;css;2;;;1
877;1;RH 14+24+5;jquery;2;;;1
878;1;RH 14+24+8;ajax;2;;;1
879;1;RH 14+28+10;python;2;;;1
880;1;RH 15.8+28.58;ruby;2;;;1
881;1;RH 15.88+22.24+4.76;flexbox;2;;;1
882;1;RH 15.88+25.4+4.76;bootstrap;2;;;1
883;1;RH 15+22+8;laravel;2;;;1
884;1;RH 15+25+6;php;2;;;1
885;1;RH 16+22+4;composer;2;;;1
886;1;RH 16+22+5;node;2;;;1
887;1;RH 16+23+7;javascript;2;;;1
888;1;RH 16+24+4;vuejs;2;;;1
889;1;RH 16+24+5;react;2;;;1
890;1;RH 16+24+6;angular;2;;;1
891;1;RH 16+24+9;springboot;2;;;1
892;1;RH 16+25+5;sass;2;;;1
893;1;RH 16+25+5;html;2;;;1
894;1;RH 16+26+5;css;2;;;1
895;1;RH 16+26+8;jquery;2;;;1
896;1;RH 16+28+6;ajax;2;;;1
897;1;RH 16+28+6;python;2;;;1
898;1;RH 16+6+5;ruby;2;;;1
899;1;RH 17+30+6;flexbox;2;;;1
900;1;RH 18.5+31.74+6.35;bootstrap;2;;;1
901;1;RH 18+20+7;laravel;2;;;1
902;1;RH 18+24+4.9;php;2;;;1
903;1;RH 18+24+5;composer;2;;;1
904;1;RH 18+24+8;node;2;;;1
905;1;RH 18+26+5;javascript;2;;;1
906;1;RH 18+26+6;vuejs;2;;;1
907;1;RH 18+26+8;react;2;;;1
908;1;RH 18+28+5;angular;2;;;1
909;1;RH 18+30+8;springboot;2;;;1
910;1;RH 19.5+28.58+6.35;sass;2;;;1
911;1;RH 19.5+30.16+6.3;html;2;;;1
912;1;RH 2 1/4 +2 3/4 +3/8;css;2;;;1
913;1;RH 2 1/8+2 1/2 +5/16;jquery;2;;;1
914;1;RH 20+22+32+8;ajax;2;;;1
915;1;RH 20+28+4;python;2;;;1
916;1;RH 20+28+5;ruby;2;;;1
917;1;RH 20+28+5;flexbox;2;;;1
918;1;RH 20+28+5.7;bootstrap;2;;;1
919;1;RH 20+28+5/7;laravel;2;;;1
920;1;RH 20+28+6;php;2;;;1
921;1;RH 20+28+7;composer;2;;;1
922;1;RH 20+28+7.2;node;2;;;1
923;1;RH 20+28+8;javascript;2;;;1
924;1;RH 20+28+8;vuejs;2;;;1
925;1;RH 20+28+8;react;2;;;1
926;1;RH 20+30+10;angular;2;;;1
927;1;RH 20+30+10;springboot;2;;;1
928;1;RH 20+30+6;sass;2;;;1
929;1;RH 20+30+6;html;2;;;1
930;1;RH 20+30+7;css;2;;;1
931;1;RH 20+31+6;jquery;2;;;1
932;1;RH 20+31+8;ajax;2;;;1
933;1;RH 20+32+6;python;2;;;1
934;1;RH 20+33+10;ruby;2;;;1
935;1;RH 20+35+7;flexbox;2;;;1
936;1;RH 20+40+8;bootstrap;2;;;1
937;1;RH 22.22+31.75+6.35;laravel;2;;;1
938;1;RH 22+28+8;php;2;;;1
939;1;RH 22+28+8;composer;2;;;1
940;1;RH 22+29+5;node;2;;;1
941;1;RH 22+30+4;javascript;2;;;1
942;1;RH 22+30+5;vuejs;2;;;1
943;1;RH 22+30+5;react;2;;;1
944;1;RH 22+30+5.7;angular;2;;;1
945;1;RH 22+30+6;springboot;2;;;1
946;1;RH 22+30+7;sass;2;;;1
947;1;RH 22+30+8;html;2;;;1
948;1;RH 22+30+8;css;2;;;1
949;1;RH 22+32+5;jquery;2;;;1
950;1;RH 22+32+6;ajax;2;;;1
951;1;RH 22+32+6;python;2;;;1
952;1;RH 22+32+7;ruby;2;;;1
953;1;RH 22+32+8;flexbox;2;;;1
954;1;RH 22+35+10;bootstrap;2;;;1
955;1;RH 22+36+9;laravel;2;;;1
956;1;RH 22+40+10;php;2;;;1
957;1;RH 23.81+39.69+7.93;composer;2;;;1
958;1;RH 24+30+6;node;2;;;1
959;1;RH 24+32+4;javascript;2;;;1
960;1;RH 24+34+5;vuejs;2;;;1
961;1;RH 25.4+31.49+4.7;react;2;;;1
962;1;RH 25.4+31.7+6.3;angular;2;;;1
963;1;RH 25.4+31.75+5.8;springboot;2;;;1
964;1;RH 25.4+31.75+6.35;sass;2;;;1
965;1;RH 25.4+38.1+9.53;html;2;;;1
966;1;RH 25.40+31.75+6.35;css;2;;;1
967;1;RH 25.40+34.93+7.94;jquery;2;;;1
968;1;RH 25+32+5;ajax;2;;;1
969;1;RH 25+33+10;python;2;;;1
970;1;RH 25+33+5.63;ruby;2;;;1
971;1;RH 25+33+6;flexbox;2;;;1
972;1;RH 25+33+7;bootstrap;2;;;1
973;1;RH 25+33+7;laravel;2;;;1
974;1;RH 25+33+8;php;2;;;1
975;1;RH 25+33+8;composer;2;;;1
976;1;RH 25+33+9;node;2;;;1
977;1;RH 25+35+10;javascript;2;;;1
978;1;RH 25+35+5;vuejs;2;;;1
979;1;RH 25+35+7.3;react;2;;;1
980;1;RH 25+35+7.3;angular;2;;;1
981;1;RH 25+35+8;springboot;2;;;1
982;1;RH 25+37+7;sass;2;;;1
983;1;RH 25+38+8;html;2;;;1
984;1;RH 25+40+10;css;2;;;1
985;1;RH 25+40+6.5                               ;jquery;2;;;1
986;1;RH 25+40+8;ajax;2;;;1
987;1;RH 25+42+8;python;2;;;1
988;1;RH 25+43+8;ruby;2;;;1
989;1;RH 25+45+10;flexbox;2;;;1
990;1;RH 25+45+8;bootstrap;2;;;1
991;1;RH 25+50+10;laravel;2;;;1
992;1;RH 27+35+6;php;2;;;1
993;1;RH 28+35+6;composer;2;;;1
994;1;RH 28+36+4;node;2;;;1
995;1;RH 28+36+5.6;javascript;2;;;1
996;1;RH 28+36+6;vuejs;2;;;1
997;1;RH 28+38+7;react;2;;;1
998;1;RH 28+40+10;angular;2;;;1
999;1;RH 28+40+6;springboot;2;;;1
1000;1;RH 28+40+8;sass;2;;;1
1001;1;RH 30.16+42.3+7.9;html;2;;;1
1002;1;RH 30+37+5;css;2;;;1
1003;1;RH 30+38+10;jquery;2;;;1
1004;1;RH 30+38+6;ajax;2;;;1
1005;1;RH 30+38+6.3;python;2;;;1
1006;1;RH 30+38+7;ruby;2;;;1
1007;1;RH 30+38+7;flexbox;2;;;1
1008;1;RH 30+40+10;bootstrap;2;;;1
1009;1;RH 30+40+10;laravel;2;;;1
1010;1;RH 30+40+5;php;2;;;1
1011;1;RH 30+40+5.5;composer;2;;;1
1012;1;RH 30+40+6;node;2;;;1
1013;1;RH 30+40+6;javascript;2;;;1
1014;1;RH 30+40+7;vuejs;2;;;1
1015;1;RH 30+40+7;react;2;;;1
1016;1;RH 30+40+7.3;angular;2;;;1
1017;1;RH 30+40+8;springboot;2;;;1
1018;1;RH 30+40+8;sass;2;;;1
1019;1;RH 30+42+10;html;2;;;1
1020;1;RH 30+42+6;css;2;;;1
1021;1;RH 30+45+10;jquery;2;;;1
1022;1;RH 30+45+8;ajax;2;;;1
1023;1;RH 31.5+44.3+9.5;python;2;;;1
1024;1;RH 31.75+38.1+3.97;ruby;2;;;1
1025;1;RH 31.75+38.1+4.7;flexbox;2;;;1
1026;1;RH 31.75+41.28+7.94;bootstrap;2;;;1
1027;1;RH 31.75+42.27+4.7;laravel;2;;;1
1028;1;RH 31.75+44.3+9.53;php;2;;;1
1029;1;RH 31.75+44.45+9.52;composer;2;;;1
1030;1;RH 31+75+38.1+6.3;node;2;;;1
1031;1;RH 32.5+38+8;javascript;2;;;1
1032;1;RH 32+39+8;vuejs;2;;;1
1033;1;RH 32+40+10;react;2;;;1
1034;1;RH 32+40+4;angular;2;;;1
1035;1;RH 32+40+5/7;springboot;2;;;1
1036;1;RH 32+40+6;sass;2;;;1
1037;1;RH 32+40+6;html;2;;;1
1038;1;RH 32+40+6.3;css;2;;;1
1039;1;RH 32+42+10;jquery;2;;;1
1040;1;RH 32+42+8;ajax;2;;;1
1041;1;RH 32+44+6.3;python;2;;;1
1042;1;RH 32+45+10;ruby;2;;;1
1043;1;RH 32+45+8;flexbox;2;;;1
1044;1;RH 33+42+8;bootstrap;2;;;1
1045;1;RH 33+43.10;laravel;2;;;1
1046;1;RH 33+43+10;php;2;;;1
1047;1;RH 34.92+42.6+4.78;composer;2;;;1
1048;1;RH 34.92+47.62+9.3;node;2;;;1
1049;1;RH 34.93+41.28+6.35;javascript;2;;;1
1050;1;RH 34+92+47.62+9.3;vuejs;2;;;1
1051;1;RH 35+42+7;react;2;;;1
1052;1;RH 35+43+5;angular;2;;;1
1053;1;RH 35+43+6;springboot;2;;;1
1054;1;RH 35+43+7;sass;2;;;1
1055;1;RH 35+45+5;html;2;;;1
1056;1;RH 35+46+10;css;2;;;1
1057;1;RH 35+48+8;jquery;2;;;1
1058;1;RH 35+50+10;ajax;2;;;1
1059;1;RH 36+44+4;python;2;;;1
1060;1;RH 36+44+8;ruby;2;;;1
1061;1;RH 36+46+10;flexbox;2;;;1
1062;1;RH 36+46+7.3;bootstrap;2;;;1
1063;1;RH 36+51+10;laravel;2;;;1
1064;1;RH 36+52+10;php;2;;;1
1065;1;RH 37+47+10;composer;2;;;1
1066;1;RH 37+47+10;node;2;;;1
1067;1;RH 38.1+44.45+6.3;javascript;2;;;1
1068;1;RH 38.1+47.63+7.94;vuejs;2;;;1
1069;1;RH 38.1+50.8+6.35;react;2;;;1
1070;1;RH 38+45+5;angular;2;;;1
1071;1;RH 38+45+6.5;springboot;2;;;1
1072;1;RH 38+48+6.5;sass;2;;;1
1073;1;RH 38+48+8;html;2;;;1
1074;1;RH 38+50+10;css;2;;;1
1075;1;RH 38+55+10;jquery;2;;;1
1076;1;RH 39+48+6.5;ajax;2;;;1
1077;1;RH 40+48+5;python;2;;;1
1078;1;RH 40+48+6;ruby;2;;;1
1079;1;RH 40+48+8;flexbox;2;;;1
1080;1;RH 40+50+10;bootstrap;2;;;1
1081;1;RH 40+50+5;laravel;2;;;1
1082;1;RH 40+50+6;php;2;;;1
1083;1;RH 40+50+7.3;composer;2;;;1
1084;1;RH 40+50+8;node;2;;;1
1085;1;RH 40+52+10;javascript;2;;;1
1086;1;RH 40+52+8;vuejs;2;;;1
1087;1;RH 40+55+7;react;2;;;1
1088;1;RH 40+55+8;angular;2;;;1
1089;1;RH 40+55+8;springboot;2;;;1
1090;1;RH 40+60+11.5;sass;2;;;1
1091;1;RH 41.21+50.8+7.9;html;2;;;1
1092;1;RH 41.27+50.8+6.35;css;2;;;1
1093;1;RH 41.28+50.8+7.4;jquery;2;;;1
1094;1;RH 42+50+7;ajax;2;;;1
1095;1;RH 42+52+10;python;2;;;1
1096;1;RH 42+52+8;ruby;2;;;1
1097;1;RH 42+55+7;flexbox;2;;;1
1098;1;RH 42+55+8;bootstrap;2;;;1
1099;1;RH 43+55+6;laravel;2;;;1
1100;1;RH 44.45+53.47+6.35;php;2;;;1
1101;1;RH 44.45+53.97;composer;2;;;1
1102;1;RH 44.45+57.15+7.93;node;2;;;1
1103;1;RH 44+50+8.5;javascript;2;;;1
1104;1;RH 45+53+5.6;vuejs;2;;;1
1105;1;RH 45+53+6;react;2;;;1
1106;1;RH 45+53+7;angular;2;;;1
1107;1;RH 45+53+9;springboot;2;;;1
1108;1;RH 45+55+10;sass;2;;;1
1109;1;RH 45+55+5;html;2;;;1
1110;1;RH 45+55+5.7;css;2;;;1
1111;1;RH 45+55+6;jquery;2;;;1
1112;1;RH 45+55+6.5;ajax;2;;;1
1113;1;RH 45+55+7;python;2;;;1
1114;1;RH 45+60+10;ruby;2;;;1
1115;1;RH 45+60+10;flexbox;2;;;1
1116;1;RH 45+60+11.5;bootstrap;2;;;1
1117;1;RH 45+63+12;laravel;2;;;1
1118;1;RH 45+63+6;php;2;;;1
1119;1;RH 45+65+10;composer;2;;;1
1120;1;RH 45+65+12;node;2;;;1
1121;1;RH 47.62+57.15+7.9;javascript;2;;;1
1122;1;RH 47.62+57.15+7.93;vuejs;2;;;1
1123;1;RH 48+60+7.9;react;2;;;1
1124;1;RH 50.8+63.5+9.53;angular;2;;;1
1125;1;RH 50+60+10;springboot;2;;;1
1126;1;RH 50+60+5;sass;2;;;1
1127;1;RH 50+60+7;html;2;;;1
1128;1;RH 50+60+8;css;2;;;1
1129;1;RH 50+62+10;jquery;2;;;1
1130;1;RH 50+63+6.5;ajax;2;;;1
1131;1;RH 50+63+8;python;2;;;1
1132;1;RH 50+63+8;ruby;2;;;1
1133;1;RH 50+65+5.6;flexbox;2;;;1
1134;1;RH 50+65+9;bootstrap;2;;;1
1135;1;RH 50+70+10;laravel;2;;;1
1136;1;RH 52+50+8;php;2;;;1
1137;1;RH 53.97+63.5+4.7;composer;2;;;1
1138;1;RH 53+65+6;node;2;;;1
1139;1;RH 53+65+8;javascript;2;;;1
1140;1;RH 55+65+10;vuejs;2;;;1
1141;1;RH 55+65+6;react;2;;;1
1142;1;RH 55+65+6;angular;2;;;1
1143;1;RH 55+70+10;springboot;2;;;1
1144;1;RH 55+70+12;sass;2;;;1
1145;1;RH 55+75+10;html;2;;;1
1146;1;RH 55+75+12;css;2;;;1
1147;1;RH 60.33+76.2+9.53;jquery;2;;;1
1148;1;RH 60+68+8;ajax;2;;;1
1149;1;RH 60+68+8;python;2;;;1
1150;1;RH 60+70+10;ruby;2;;;1
1151;1;RH 60+70+6;flexbox;2;;;1
1152;1;RH 60+70+7;bootstrap;2;;;1
1153;1;RH 60+71+7;laravel;2;;;1
1154;1;RH 60+76+12;php;2;;;1
1155;1;RH 63.5+73.2+9.52;composer;2;;;1
1156;1;RH 63.5+82.55+14.28;node;2;;;1
1157;1;RH 65+75+10;javascript;2;;;1
1158;1;RH 65+75+12;vuejs;2;;;1
1159;1;RH 65+75+8;react;2;;;1
1160;1;RH 65+80+9;angular;2;;;1
1161;1;RH 69.85+89.9+15.8;springboot;2;;;1
1162;1;RH 69+85+98.9;sass;2;;;1
1163;1;RH 70+85+12;html;2;;;1
1164;1;RH 70+90+10;css;2;;;1
1165;1;RH 70+95+12;jquery;2;;;1
1166;1;RH 71+80+6;ajax;2;;;1
1167;1;RH 75+85+11.5;python;2;;;1
1168;1;RH 75+85+12;ruby;2;;;1
1169;1;RH 75+86+12;flexbox;2;;;1
1170;1;RH 76.2+101.6+9.53;bootstrap;2;;;1
1171;1;RH 76+82+5;laravel;2;;;1
1172;1;RH 80+88+11.5;php;2;;;1
1173;1;RH 80+90+10;composer;2;;;1
1174;1;RH 80+90+5;node;2;;;1
1175;1;RH 80+92+8;javascript;2;;;1
1176;1;RH 80+95+12;vuejs;2;;;1
1177;1;RH 82.56+95.35+9.52;react;2;;;1
1178;1;RH 85.72+101.6+15.82;angular;2;;;1
1179;1;RH 85+93+11.5;springboot;2;;;1
1180;1;RH 85+93+8;sass;2;;;1
1181;1;RH 85+95+12;html;2;;;1
1182;1;RH 90+100+7;css;2;;;1
1183;1;RH 90+100+8;jquery;2;;;1
1184;1;RH 90+102+8.5;ajax;2;;;1
1185;1;RH 90+102+8.5;python;2;;;1
1186;1;RH 90+102+8.7;ruby;2;;;1
1187;1;RH 90+110+10;flexbox;2;;;1
1188;1;RH 90+115+12;bootstrap;2;;;1
1189;1;RH 95.72+101.6+15.82;laravel;2;;;1
1190;1;RH 95+103+11.5;php;2;;;1
1191;1;RH 95+110+10;composer;2;;;1
1192;1;RH 95+110+12;node;2;;;1
1193;1;RH 95+110+9;javascript;2;;;1
1194;1;RH 98+118+9;vuejs;2;;;1
1195;1;WR 25+30+9.5;react;2;;;1
1196;1;WR 30+34+9.5;angular;2;;;1
1197;1;WR 30+35+5.7;springboot;2;;;1
1198;1;WR 30+35+9.5;sass;2;;;1
1199;1;WR 32+37+9.5;html;2;;;1
1200;1;WR 35+40+10;css;2;;;1
1201;1;WR 35+40+15;jquery;2;;;1
1202;1;WR 35+40+5.7;ajax;2;;;1
1203;1;WR 40+44+15;python;2;;;1
1204;1;WR 40+44+20;ruby;2;;;1
1205;1;WR 40+44+9.5;flexbox;2;;;1
1206;1;WR 40+45+15;bootstrap;2;;;1
1207;1;WR 40+45+20;laravel;2;;;1
1208;1;WR 40+45+9.5;php;2;;;1
1209;1;WR 44.45+50..8+9.5;composer;2;;;1
1210;1;WR 44.45+50.88+12.7;node;2;;;1
1211;1;WR 45+50+15;javascript;2;;;1
1212;1;WR 45+50+20;vuejs;2;;;1
1213;1;WR 45+50+25;react;2;;;1
1214;1;WR 45+50+5.7;angular;2;;;1
1215;1;WR 45+50+5.7;springboot;2;;;1
1216;1;WR 45+50+9.7;sass;2;;;1
1217;1;WR 50.8+57.15+12.7;html;2;;;1
1218;1;WR 50.8+57.15+15.88;css;2;;;1
1219;1;WR 50.8+57.15+19.5;jquery;2;;;1
1220;1;WR 50.8+57.15+25.4;ajax;2;;;1
1221;1;WR 50.8+57.15+9.53;python;2;;;1
1222;1;WR 50+55+15;ruby;2;;;1
1223;1;WR 50+55+20;flexbox;2;;;1
1224;1;WR 50+55+25;bootstrap;2;;;1
1225;1;WR 50+55+5.7;laravel;2;;;1
1226;1;WR 50+55+9.5;php;2;;;1
1227;1;WR 55+60+15;composer;2;;;1
1228;1;WR 55+60+20;node;2;;;1
1229;1;WR 55+60+9.5;javascript;2;;;1
1230;1;WR 57.15+63.5+12.7;vuejs;2;;;1
1231;1;WR 57.15+63.5+15.88;react;2;;;1
1232;1;WR 57.15+63.5+19.5;angular;2;;;1
1233;1;WR 57.15+63.5+25.4;springboot;2;;;1
1234;1;WR 57.15+63.5+9.53;sass;2;;;1
1235;1;WR 60+65+15;html;2;;;1
1236;1;WR 60+65+20;css;2;;;1
1237;1;WR 60+65+5.7;jquery;2;;;1
1238;1;WR 60+65+9.5;ajax;2;;;1
1239;1;WR 63.5+69.8+9.5;python;2;;;1
1240;1;WR 63.5+69.85+12.7;ruby;2;;;1
1241;1;WR 63.5+69.85+15.88;flexbox;2;;;1
1242;1;WR 63.5+69.85+19.5;bootstrap;2;;;1
1243;1;WR 63.5+69.85+25.4;laravel;2;;;1
1244;1;WR 65+70+15;php;2;;;1
1245;1;WR 65+70+20;composer;2;;;1
1246;1;WR 65+70+5.7;node;2;;;1
1247;1;WR 65+70+9.5;javascript;2;;;1
1248;1;WR 69.8+76.2+19.5;vuejs;2;;;1
1249;1;WR 69.85+76.2+12.7;react;2;;;1
1250;1;WR 69.85+76.2+15+88;angular;2;;;1
1251;1;WR 69.85+76.2+25.4;springboot;2;;;1
1252;1;WR 70+75+15;sass;2;;;1
1253;1;WR 70+75+20;html;2;;;1
1254;1;WR 70+75+5.7;css;2;;;1
1255;1;WR 70+75+9.5;jquery;2;;;1
1256;1;WR 70+76+12.7;ajax;2;;;1
1257;1;WR 74+80+15;python;2;;;1
1258;1;WR 75+80+20;ruby;2;;;1
1259;1;WR 75+80+5.7;flexbox;2;;;1
1260;1;WR 75+80+6.8;bootstrap;2;;;1
1261;1;WR 75+80+9.5;laravel;2;;;1
1262;1;WR 76.2+82.55+25.5;php;2;;;1
1263;1;WR 76.2+82.55+9.5;composer;2;;;1
1264;1;WR 76.2+82.55+9.5;node;2;;;1
1265;1;WR 80+85+15;javascript;2;;;1
1266;1;WR 80+85+20;vuejs;2;;;1
1267;1;WR 80+85+9.5;react;2;;;1
1268;1;WR 80+86+25;angular;2;;;1
1269;1;WR 82.55+88.9+12.7;springboot;2;;;1
1270;1;WR 82.55+88.9+15.5;sass;2;;;1
1271;1;WR 82.55+88.9+19.5;html;2;;;1
1272;1;WR 82.55+88.9+25.4;css;2;;;1
1273;1;WR 82.55+88.9+9.5;jquery;2;;;1
1274;1;WR 84+90+15;ajax;2;;;1
1275;1;WR 84+90+25;python;2;;;1
1276;1;WR 84+90+9.5;ruby;2;;;1
1277;1;WR 85+90+15;flexbox;2;;;1
1278;1;WR 85+90+20;bootstrap;2;;;1
1279;1;WR 85+90+5.7;laravel;2;;;1
1280;1;WR 85+90+9.5;php;2;;;1
1281;1;WR 88.9+95.25+19.5;composer;2;;;1
1282;1;WR 88.9+95.25+25.4;node;2;;;1
1283;1;WR 88.96+95.25+9.5;javascript;2;;;1
1284;1;WR 90+95+15;vuejs;2;;;1
1285;1;WR 90+95+20;react;2;;;1
1286;1;WR 90+95+9.5;angular;2;;;1
1287;1;WR 94+100+20;springboot;2;;;1
1288;1;WR 95.25+101.6+15.8;sass;2;;;1
1289;1;WR 95.25+101.6+19.5;html;2;;;1
1290;1;WR 95.25+101.6+25.4;css;2;;;1
1291;1;WR 95+100+15;jquery;2;;;1
1292;1;WR 95+100+20;ajax;2;;;1
1293;1;WR 95+100+25;python;2;;;1
1294;1;WR 100+105+15;ruby;2;;;1
1295;1;WR 100+105+20;flexbox;2;;;1
1296;1;WR 100+105+9.5;bootstrap;2;;;1
1297;1;WR 101.6+107.9+12.7;laravel;2;;;1
1298;1;WR 101.6+107.9+19.5;php;2;;;1
1299;1;WR 101.6+107.9+19.5;composer;2;;;1
1300;1;WR 101.6+107.9+9.5;node;2;;;1
1301;1;WR 104+110+15;javascript;2;;;1
1302;1;WR 105+110+15;vuejs;2;;;1
